ph,ph_s,wt,wt_s,ec,ec_s
7.694,1,82,1,1.236,0
5.512,2,86,1,4.751,1
2.405,2,96,1,3.098,1
6.526,0,65,1,1.781,0
12.29,1,69,1,3.789,1
1.318,2,18,0,0.567,2
8.722,1,69,1,4.064,1
4.222,2,74,1,4.667,1
4.108,2,28,1,4.552,1
6.024,0,64,1,2.102,1
10.922,1,20,0,0.37,2
1.718,2,55,1,2.89,1
4.87,2,42,1,3.636,1
8.897,1,19,0,2.886,1
10.501,1,15,2,1.239,0
11.348,1,34,1,2.347,1
9.287,1,86,1,4.83,1
9.482,1,42,1,4.786,1
6.045,0,64,1,0.719,2
11.167,1,25,0,2.309,1
9.716,1,54,1,4.814,1
8.007,1,7,2,0.743,2
9.299,1,37,1,1.53,0
2.983,2,45,1,2.508,1
10.473,1,32,1,3.1,1
4.744,2,86,1,4.041,1
0.266,2,43,1,1.439,0
9.48,1,30,1,1.568,0
11.706,1,83,1,3.766,1
4.981,2,80,1,3.817,1
1.166,2,8,2,4.944,1
1.95,2,32,1,0.942,2
5.039,2,71,1,4.437,1
8.152,1,23,0,1.778,0
13.717,1,65,1,0.426,2
9.596,1,55,1,4.994,1
9.842,1,95,1,4.364,1
10.729,1,42,1,1.595,0
5.598,2,62,1,1.393,0
8.313,1,40,1,1.404,0
10.594,1,71,1,3.105,1
13.506,1,11,2,1.79,0
13.925,1,85,1,1.753,0
11.401,1,1,2,2.004,1
0.25,2,8,2,3.878,1
6.682,0,56,1,0.949,2
3.352,2,19,0,3.375,1
12.121,1,61,1,3.456,1
9.576,1,99,1,2.721,1
8.135,1,48,1,2.412,1
6.418,0,24,0,4.045,1
10.873,1,50,1,0.22,2
10.249,1,56,1,1.516,0
10.216,1,41,1,0.052,2
10.514,1,11,2,4.97,1
8.589,1,68,1,3.722,1
0.829,2,24,0,1.415,0
6.234,0,81,1,0.271,2
8.934,1,43,1,0.127,2
13.798,1,75,1,2.442,1
9.657,1,76,1,2.519,1
11.89,1,86,1,4.405,1
13.666,1,4,2,1.356,0
8.189,1,52,1,1.46,0
6.913,0,6,2,2.496,1
9.718,1,28,1,2.174,1
7.761,1,9,2,4.899,1
12.096,1,43,1,1.391,0
3.877,2,55,1,4.959,1
0.074,2,6,2,4.839,1
6.04,0,50,1,1.761,0
6.36,0,74,1,1.801,1
1.847,2,57,1,0.908,2
2.358,2,59,1,2.431,1
12.696,1,78,1,2.092,1
6.389,0,93,1,4.208,1
12.111,1,67,1,0.64,2
3.667,2,18,0,2.249,1
5.763,2,18,0,0.669,2
6.704,0,27,1,1.885,1
7.629,1,70,1,2.808,1
5.116,2,92,1,0.3,2
12.557,1,13,2,1.385,0
3.757,2,90,1,1.76,0
0.413,2,54,1,4.076,1
2.093,2,19,0,2.229,1
9.727,1,20,0,0.363,2
12.956,1,45,1,0.551,2
10.395,1,40,1,0.385,2
13.426,1,46,1,1.573,0
6.556,0,39,1,0.885,2
9.49,1,25,0,0.25,2
8.791,1,53,1,3.575,1
5.41,2,59,1,1.527,0
12.178,1,100,1,0.366,2
11.339,1,40,1,4.698,1
11.368,1,77,1,3.373,1
5.434,2,19,0,3.816,1
0.441,2,57,1,2.878,1
0.695,2,41,1,3.286,1
8.801,1,86,1,1.707,0
0.093,2,51,1,2.074,1
0.614,2,34,1,0.079,2
5.178,2,100,1,4.592,1
10.639,1,69,1,1.859,1
1.331,2,20,0,2.127,1
9.849,1,13,2,1.133,2
13.709,1,64,1,0.868,2
9.609,1,65,1,2.029,1
8.906,1,94,1,1.976,1
4.929,2,80,1,4.865,1
1.118,2,18,0,1.354,0
13.438,1,61,1,0.035,2
2.139,2,44,1,1.496,0
5.915,2,30,1,4.447,1
12.278,1,60,1,3.201,1
3.175,2,41,1,1.837,1
6.243,0,38,1,0.597,2
5.78,2,44,1,4.827,1
13.135,1,46,1,0.856,2
12.436,1,19,0,1.53,0
13.684,1,93,1,4.072,1
3.048,2,47,1,1.22,0
9.639,1,97,1,0.407,2
11.453,1,61,1,3.328,1
12.357,1,24,0,1.004,2
12.338,1,100,1,4.144,1
1.646,2,99,1,2.159,1
13.87,1,3,2,0.417,2
5.941,2,55,1,1.835,1
9.336,1,51,1,2.549,1
4.123,2,62,1,3.212,1
11.85,1,28,1,1.79,0
6.216,0,15,2,4.735,1
11.88,1,52,1,0.729,2
3.14,2,11,2,4.099,1
10.899,1,98,1,4.7,1
13.866,1,6,2,3.221,1
6.445,0,50,1,2.386,1
0.583,2,21,0,0.547,2
5.966,2,10,2,0.308,2
4.769,2,27,1,1.551,0
2.313,2,77,1,0.432,2
3.704,2,7,2,2.448,1
3.467,2,78,1,2.95,1
2.915,2,38,1,2.091,1
6.236,0,23,0,2.157,1
10.468,1,79,1,2.391,1
3.17,2,60,1,0.709,2
4.56,2,25,0,1.589,0
8.152,1,2,2,2.624,1
10.868,1,12,2,2.273,1
1.783,2,34,1,2.582,1
1.064,2,76,1,4.564,1
0.905,2,67,1,2.011,1
3.078,2,61,1,2.106,1
6.343,0,42,1,3.329,1
10.802,1,8,2,3.398,1
11.623,1,97,1,0.674,2
11.534,1,40,1,1.039,2
13.781,1,6,2,3.867,1
10.959,1,78,1,3.533,1
4.171,2,4,2,4.193,1
5.617,2,59,1,3.433,1
4.269,2,34,1,3.382,1
7.015,1,43,1,0.15,2
1.243,2,49,1,1.27,0
10.374,1,83,1,1.319,0
5.047,2,47,1,1.468,0
2.832,2,20,0,2.819,1
6.804,0,100,1,3.067,1
2.111,2,50,1,2.865,1
2.508,2,60,1,3.144,1
1.344,2,66,1,3.623,1
8.992,1,49,1,0.191,2
0.635,2,27,1,2.182,1
4.623,2,55,1,1.292,0
2.68,2,57,1,1.731,0
11.614,1,75,1,0.003,2
13.18,1,15,2,0.163,2
12.648,1,81,1,3.782,1
0.33,2,96,1,1.188,2
4.989,2,76,1,1.564,0
1.009,2,1,2,0.643,2
2.943,2,51,1,1.962,1
10.018,1,51,1,1,2
12.78,1,6,2,0.03,2
1.036,2,24,0,1.171,2
10.39,1,79,1,1.603,0
13.568,1,33,1,2.42,1
2.669,2,88,1,3.977,1
10.072,1,20,0,4.361,1
13.409,1,74,1,4.454,1
9.597,1,43,1,2.438,1
10.492,1,30,1,1.551,0
6.47,0,79,1,4.784,1
2.835,2,75,1,1.682,0
8.803,1,24,0,2.771,1
4.191,2,6,2,0.835,2
5.357,2,7,2,3.667,1
1.398,2,36,1,4.895,1
1.337,2,29,1,1.87,1
12.899,1,73,1,1.435,0
5.242,2,80,1,0.028,2
1.237,2,0,2,2.367,1
1.498,2,46,1,1.243,0
9.711,1,85,1,2.342,1
12.867,1,94,1,4.082,1
3.786,2,5,2,1.938,1
1.174,2,22,0,0.138,2
1.755,2,42,1,0.153,2
9.797,1,33,1,3.179,1
7.922,1,44,1,4.074,1
9.535,1,13,2,0.712,2
6.184,0,88,1,0.541,2
5.584,2,93,1,0.911,2
6.492,0,2,2,4.667,1
7.469,1,4,2,2.61,1
0.827,2,72,1,0.179,2
2.476,2,78,1,0.612,2
2.207,2,58,1,4.856,1
3.143,2,25,0,3.3,1
11.847,1,21,0,2.246,1
5.249,2,100,1,3.068,1
12.237,1,88,1,4.991,1
9.478,1,38,1,4.672,1
11.417,1,99,1,0.113,2
5.369,2,60,1,4.178,1
13.892,1,31,1,1.786,0
9.154,1,33,1,3.435,1
8.374,1,94,1,1.693,0
12.342,1,12,2,0.122,2
1.163,2,46,1,1.618,0
12.33,1,20,0,4.102,1
7.207,1,22,0,2.25,1
11.813,1,99,1,0.05,2
9.905,1,74,1,3.967,1
8.341,1,84,1,0.101,2
2.406,2,77,1,4.152,1
2.545,2,61,1,0.558,2
10.166,1,41,1,3.032,1
0.96,2,44,1,4.729,1
0.253,2,95,1,0.982,2
4.509,2,85,1,1.116,2
9.516,1,2,2,3.917,1
8.95,1,29,1,4.244,1
10.83,1,82,1,3.739,1
4.216,2,48,1,4.654,1
9.003,1,14,2,0.722,2
9.97,1,61,1,3.002,1
0.275,2,67,1,1.742,0
10.547,1,77,1,3.797,1
2.203,2,68,1,2.934,1
10.973,1,53,1,3.753,1
11.97,1,37,1,3.098,1
0.206,2,12,2,1.509,0
8.438,1,96,1,3.199,1
12.907,1,74,1,4.346,1
5.467,2,5,2,3.849,1
5.194,2,72,1,3.401,1
11.057,1,34,1,0.181,2
6.224,0,87,1,1.708,0
13.282,1,4,2,4.832,1
2.281,2,6,2,2.461,1
12.741,1,58,1,2.392,1
2.228,2,25,0,1.846,1
4.662,2,28,1,2.221,1
10.418,1,17,2,2.187,1
3.138,2,28,1,2.302,1
11.994,1,19,0,3,1
10.532,1,46,1,0.78,2
11.094,1,62,1,2.985,1
11.962,1,1,2,0.821,2
8.82,1,45,1,1.219,0
8.836,1,16,2,3.651,1
12.567,1,21,0,2.26,1
1.202,2,70,1,0.072,2
2.785,2,61,1,3.673,1
7.901,1,71,1,3.653,1
12.998,1,38,1,3.077,1
6.284,0,37,1,3.284,1
7.384,1,58,1,1.418,0
10.66,1,23,0,1.635,0
4.282,2,63,1,0.148,2
11.496,1,16,2,0.432,2
12.592,1,68,1,2.432,1
0.074,2,99,1,3.582,1
1.858,2,13,2,0.624,2
4.448,2,54,1,4.163,1
0.488,2,91,1,4.991,1
13.053,1,97,1,3.084,1
11.595,1,76,1,4.67,1
2.36,2,39,1,3.668,1
0.152,2,60,1,3.063,1
4.152,2,70,1,1.391,0
11.346,1,58,1,0.339,2
3.192,2,66,1,2.552,1
0.407,2,92,1,4.625,1
6.249,0,50,1,3.613,1
8.156,1,10,2,4.042,1
13.769,1,29,1,0.707,2
2.675,2,70,1,3.754,1
9.489,1,96,1,3.817,1
1.2,2,6,2,0.61,2
3.509,2,29,1,4.974,1
0.874,2,5,2,2.349,1
0.841,2,90,1,0.764,2
0.933,2,0,2,3.882,1
2.356,2,51,1,4.864,1
0.161,2,34,1,0.375,2
6.262,0,73,1,0.48,2
12.42,1,65,1,4.067,1
2.129,2,73,1,2.628,1
1.6,2,45,1,4.253,1
4.118,2,47,1,3.221,1
12.253,1,90,1,0.584,2
13.6,1,56,1,0.168,2
4.44,2,28,1,3.881,1
9.628,1,53,1,3.794,1
12.804,1,56,1,0.071,2
12.167,1,69,1,0.866,2
1.249,2,90,1,4.025,1
10.278,1,42,1,2.936,1
7.067,1,80,1,0.115,2
0.794,2,96,1,1.283,0
2.954,2,9,2,2.962,1
10.524,1,93,1,4.71,1
0.381,2,35,1,3.048,1
12.704,1,66,1,0.869,2
5.45,2,49,1,0.118,2
7.067,1,66,1,0.19,2
8.456,1,0,2,2.214,1
13.465,1,28,1,0.804,2
1.79,2,68,1,1.735,0
2.671,2,91,1,3.125,1
13.812,1,90,1,2.453,1
7.579,1,47,1,1.468,0
0.08,2,69,1,1.087,2
9.686,1,48,1,2.352,1
1.175,2,80,1,1.614,0
3.954,2,8,2,4.414,1
1.042,2,2,2,2.61,1
13.387,1,36,1,3.408,1
9.776,1,33,1,3.148,1
9.017,1,18,0,3.7,1
0.061,2,44,1,4.529,1
5.067,2,47,1,4.613,1
9.793,1,87,1,4.197,1
9.289,1,8,2,4.239,1
11.077,1,8,2,3.047,1
8.06,1,75,1,1.15,2
6.874,0,68,1,2.486,1
10.935,1,96,1,4.743,1
9.828,1,54,1,4.574,1
6.383,0,44,1,1.116,2
12.817,1,60,1,0.907,2
8.504,1,26,0,4.68,1
1.08,2,30,1,2.74,1
1.287,2,69,1,1.407,0
10.96,1,7,2,3.575,1
4.797,2,19,0,4.549,1
9.247,1,85,1,3.983,1
10.159,1,30,1,4.806,1
7.253,1,27,1,1.899,1
2.765,2,17,2,4.417,1
4.673,2,43,1,2.192,1
10.33,1,20,0,0.397,2
6,0,43,1,1.982,1
1.327,2,7,2,3.881,1
3.146,2,96,1,3.936,1
5.496,2,7,2,0.996,2
7.006,1,27,1,0.882,2
4.799,2,48,1,2.763,1
5.862,2,80,1,1.248,0
11.314,1,31,1,4.161,1
7.686,1,31,1,1.779,0
8.302,1,41,1,3.849,1
3.231,2,65,1,3.98,1
2.321,2,94,1,1.896,1
2.454,2,26,0,1.363,0
9.297,1,30,1,0.9,2
2.308,2,15,2,0.753,2
0.695,2,48,1,4.934,1
3.549,2,76,1,1.659,0
7.496,1,36,1,0.24,2
11.211,1,61,1,3.186,1
4.666,2,37,1,4.932,1
5.193,2,27,1,2.33,1
4.988,2,6,2,0.822,2
6.424,0,64,1,1.685,0
0.273,2,23,0,0.888,2
11.811,1,61,1,3.05,1
12.019,1,67,1,1.859,1
8.31,1,36,1,4.951,1
9.113,1,81,1,3.359,1
10.673,1,29,1,2.521,1
3.271,2,29,1,1.954,1
6.189,0,34,1,4.625,1
0.735,2,29,1,2.794,1
7.145,1,86,1,4.285,1
7.853,1,27,1,4.198,1
0.348,2,54,1,1.299,0
13.109,1,57,1,1.331,0
0.976,2,32,1,3.639,1
6.954,0,73,1,2.179,1
8.326,1,0,2,0.307,2
8.507,1,39,1,0.473,2
10.953,1,0,2,1.359,0
8.502,1,30,1,4.161,1
9.031,1,89,1,2.466,1
6.142,0,13,2,4.559,1
11.371,1,56,1,2.337,1
11.063,1,39,1,2.91,1
2.541,2,76,1,0.461,2
9.34,1,10,2,3.723,1
8.735,1,97,1,2.946,1
7.416,1,0,2,3.153,1
5.527,2,17,2,3.891,1
9.794,1,2,2,4.531,1
2.839,2,55,1,1.423,0
0.763,2,43,1,3.12,1
9.176,1,95,1,3.8,1
8.162,1,49,1,0.778,2
4.626,2,78,1,0.359,2
2.516,2,55,1,0.182,2
0.507,2,8,2,4.444,1
1.308,2,99,1,2.903,1
0.913,2,73,1,3.172,1
11.321,1,2,2,0.832,2
11.441,1,53,1,4.437,1
4.962,2,15,2,1.846,1
9.783,1,91,1,3.133,1
12.603,1,58,1,0.147,2
2.261,2,40,1,3.43,1
4.392,2,72,1,1.51,0
0.738,2,24,0,4.634,1
7.585,1,78,1,0.566,2
0.693,2,27,1,3.467,1
9.073,1,40,1,1.964,1
1.394,2,12,2,2.041,1
9.567,1,78,1,3.152,1
13.72,1,39,1,3.315,1
12.14,1,69,1,4.337,1
10.501,1,69,1,3.762,1
0.279,2,62,1,3.962,1
6.245,0,70,1,4.836,1
9.454,1,85,1,1.528,0
0.625,2,6,2,4.753,1
13.848,1,48,1,3.602,1
1.413,2,43,1,0.399,2
12.648,1,57,1,4.707,1
6.365,0,0,2,4.516,1
0.541,2,96,1,0.307,2
13.77,1,87,1,4.173,1
0.799,2,45,1,0.443,2
7.832,1,53,1,0.805,2
5.521,2,3,2,4.557,1
5.761,2,39,1,1.805,1
6.561,0,55,1,0.785,2
5.507,2,35,1,2.126,1
7.174,1,92,1,2.724,1
5.32,2,65,1,1.646,0
5.984,2,91,1,3.582,1
6.171,0,25,0,0.329,2
4.666,2,75,1,4.921,1
13.6,1,13,2,0.588,2
7.412,1,36,1,2.234,1
2.367,2,56,1,2.957,1
7.004,1,95,1,3.814,1
5.097,2,57,1,2.616,1
11.224,1,90,1,4.47,1
13.408,1,75,1,3.326,1
12.959,1,99,1,2.352,1
11.175,1,90,1,0.752,2
13.933,1,74,1,0.283,2
4.006,2,49,1,1.365,0
0.712,2,86,1,0.819,2
6.444,0,17,2,2.718,1
11.56,1,83,1,3.566,1
8.683,1,94,1,4.344,1
10.865,1,59,1,2.273,1
1.481,2,55,1,2.083,1
8.73,1,70,1,0.642,2
4.998,2,12,2,1.937,1
7.974,1,31,1,0.058,2
1.272,2,91,1,3.23,1
1.702,2,89,1,2.178,1
3.91,2,33,1,4.927,1
8.538,1,76,1,0.7,2
6.833,0,79,1,4.609,1
10.084,1,76,1,0.409,2
10.668,1,33,1,1.845,1
0.859,2,56,1,0.217,2
0.655,2,20,0,0.252,2
0.058,2,91,1,4.691,1
12.104,1,37,1,2.747,1
11.244,1,35,1,3.199,1
8.927,1,96,1,2.209,1
10.677,1,74,1,1.103,2
11.719,1,67,1,0.592,2
7.536,1,73,1,4.944,1
7.636,1,55,1,3.648,1
10.503,1,78,1,1.181,2
9.205,1,84,1,4.631,1
11.652,1,84,1,1.338,0
12.508,1,25,0,4.253,1
8.057,1,46,1,4.138,1
0.639,2,92,1,1.122,2
4.078,2,91,1,3.557,1
1.892,2,44,1,4.553,1
9.007,1,33,1,4.843,1
7.692,1,72,1,1.174,2
3.968,2,77,1,2.422,1
5.008,2,88,1,1.825,1
12.619,1,11,2,0.071,2
3.651,2,41,1,4.918,1
2.346,2,99,1,3.721,1
0.574,2,89,1,2.484,1
10.772,1,70,1,2.471,1
2.563,2,89,1,4.341,1
8.791,1,7,2,2.794,1
0.132,2,1,2,2.112,1
8.349,1,2,2,1.254,0
4.184,2,73,1,1.454,0
8.989,1,94,1,3.745,1
0.633,2,17,2,2.698,1
2.443,2,46,1,3.707,1
5.24,2,61,1,1.601,0
8.978,1,73,1,3.908,1
13.485,1,3,2,3.778,1
11.9,1,4,2,1.809,1
3.924,2,40,1,0.697,2
6.391,0,37,1,4.946,1
1.581,2,32,1,2.195,1
3.258,2,34,1,0.704,2
1.76,2,35,1,0.623,2
5.488,2,27,1,1.693,0
4.083,2,71,1,3.992,1
8.779,1,95,1,2.189,1
8.173,1,46,1,4.137,1
12.631,1,87,1,0.707,2
7.729,1,10,2,4.907,1
12.556,1,42,1,2.343,1
13.65,1,21,0,0.91,2
7.122,1,36,1,2.241,1
0.758,2,65,1,1.534,0
2.588,2,5,2,0.475,2
4.99,2,64,1,3.826,1
12.352,1,32,1,1.499,0
9.41,1,30,1,4.554,1
2.157,2,98,1,3.618,1
10.877,1,80,1,1.582,0
7.291,1,53,1,2.636,1
10.771,1,9,2,3.14,1
10.143,1,11,2,4.419,1
1.554,2,3,2,1.07,2
5.986,2,23,0,1.914,1
12.559,1,2,2,2.67,1
5.704,2,4,2,2.021,1
3.375,2,69,1,1.84,1
8.957,1,49,1,4.609,1
12.44,1,75,1,3.507,1
4.925,2,14,2,1.236,0
5.301,2,47,1,4.961,1
11.608,1,52,1,4.028,1
12.204,1,64,1,0.026,2
9.391,1,63,1,4.274,1
3.511,2,43,1,2.773,1
12.14,1,88,1,2.707,1
1.987,2,78,1,1.699,0
5.209,2,90,1,0.576,2
9.526,1,57,1,0.393,2
8.31,1,56,1,1.342,0
0.062,2,45,1,4.533,1
4.51,2,95,1,0.328,2
12.216,1,15,2,2.09,1
5.65,2,38,1,2.242,1
1.81,2,44,1,1.312,0
6.343,0,72,1,3.439,1
6.285,0,3,2,1.736,0
13.292,1,54,1,1.705,0
8.263,1,83,1,0.912,2
0.663,2,21,0,0.986,2
1.364,2,47,1,3.608,1
3.709,2,2,2,1.263,0
9.211,1,63,1,3.474,1
10.688,1,64,1,0.867,2
3.341,2,70,1,3.835,1
0.867,2,48,1,3.855,1
13.944,1,81,1,0.767,2
9.641,1,38,1,3.53,1
11.976,1,7,2,2.02,1
2.414,2,31,1,0.889,2
5.327,2,26,0,1.478,0
2.587,2,95,1,1.809,1
13.552,1,21,0,1.955,1
13.6,1,31,1,0.587,2
9.567,1,79,1,2.372,1
6.304,0,54,1,1.11,2
8.423,1,95,1,1.517,0
1.195,2,73,1,4.153,1
9.663,1,7,2,0.837,2
3.21,2,71,1,1.517,0
2.815,2,86,1,0.782,2
4.74,2,81,1,2.011,1
6.678,0,73,1,3.944,1
0.074,2,77,1,1.296,0
10.037,1,34,1,4.938,1
4.275,2,25,0,3.52,1
11.201,1,100,1,3.926,1
3.718,2,87,1,4.34,1
8.512,1,63,1,4.079,1
10.927,1,46,1,4.097,1
1.586,2,53,1,4.71,1
11.222,1,86,1,3.633,1
7.6,1,14,2,4.98,1
8.406,1,16,2,4.23,1
13.046,1,64,1,0.527,2
5.363,2,54,1,0.835,2
9.058,1,44,1,1.693,0
11.692,1,89,1,0.033,2
4.47,2,53,1,0.018,2
0.35,2,84,1,2.805,1
11.207,1,22,0,3.386,1
0.513,2,92,1,2.904,1
4.706,2,53,1,3.635,1
0.951,2,46,1,2.989,1
1.794,2,100,1,4,1
1.764,2,96,1,0.202,2
13.976,1,86,1,3.082,1
11.581,1,32,1,4.757,1
6.175,0,91,1,0.091,2
4.217,2,36,1,2.679,1
11.903,1,92,1,3.338,1
1.672,2,46,1,1.141,2
6.814,0,91,1,0.869,2
4.223,2,4,2,4.23,1
9.004,1,42,1,4.9,1
5.708,2,56,1,1.902,1
9.952,1,56,1,2.729,1
9.566,1,72,1,0.22,2
6.248,0,10,2,2.153,1
12.697,1,27,1,4.582,1
0.576,2,28,1,0.171,2
10.403,1,52,1,1.944,1
7.149,1,9,2,1.907,1
6.292,0,56,1,1.731,0
0.918,2,39,1,0.064,2
1.564,2,13,2,2.166,1
6.593,0,92,1,2.105,1
12.83,1,29,1,2.707,1
2.787,2,54,1,2.037,1
3.607,2,90,1,2.765,1
3.04,2,65,1,0.859,2
3.768,2,89,1,0.07,2
1.197,2,80,1,4.072,1
4.49,2,6,2,4.779,1
4.55,2,43,1,3.051,1
3.244,2,74,1,2.904,1
10.354,1,38,1,0.074,2
1.499,2,38,1,1.352,0
4.304,2,95,1,3.338,1
2.42,2,88,1,0.657,2
13.918,1,93,1,4.862,1
6.895,0,42,1,3.937,1
2.894,2,12,2,2.536,1
3.053,2,18,0,0.038,2
11.171,1,74,1,0.136,2
9.73,1,5,2,2.637,1
7.542,1,99,1,4.464,1
8.51,1,84,1,0.243,2
11.732,1,81,1,3.773,1
13.129,1,78,1,4.484,1
8.726,1,18,0,0.616,2
11.187,1,35,1,2.934,1
8.457,1,56,1,2.531,1
1.236,2,54,1,2.811,1
11.641,1,17,2,3.867,1
1.638,2,44,1,0.904,2
7.149,1,5,2,1.354,0
5.176,2,53,1,1.017,2
10.131,1,80,1,0.393,2
12.321,1,89,1,1.913,1
2.961,2,32,1,3.607,1
10.232,1,67,1,0.184,2
10.71,1,94,1,3.236,1
4.418,2,36,1,0.181,2
4.428,2,82,1,4.305,1
3.941,2,1,2,1.613,0
6.961,0,8,2,3.254,1
7.035,1,12,2,0.501,2
11.178,1,40,1,3.285,1
5.641,2,48,1,2.88,1
13.963,1,77,1,1.139,2
5.908,2,68,1,3.864,1
11.4,1,32,1,2.919,1
7.522,1,98,1,2.143,1
7.113,1,34,1,3.88,1
3.444,2,56,1,4.915,1
2.282,2,69,1,2.151,1
3.987,2,66,1,4.412,1
13.365,1,19,0,0.729,2
11.986,1,80,1,0.205,2
10.659,1,14,2,1.799,0
11.172,1,98,1,1.385,0
7.961,1,21,0,1.079,2
4.464,2,71,1,3.968,1
6.138,0,41,1,3.868,1
3.634,2,45,1,4.766,1
2.828,2,59,1,1.168,2
11.857,1,91,1,0.813,2
2.842,2,29,1,2.88,1
4.642,2,71,1,0.675,2
9.258,1,23,0,0.468,2
3.601,2,76,1,1.36,0
2.734,2,61,1,1.612,0
4.455,2,71,1,4.572,1
4.043,2,11,2,4.294,1
0.571,2,30,1,3.599,1
10.9,1,72,1,1.473,0
9.922,1,55,1,2.176,1
1.974,2,89,1,4.196,1
10.259,1,76,1,3.378,1
10.646,1,75,1,4.154,1
1.923,2,2,2,3.606,1
13.884,1,92,1,4.387,1
1.613,2,28,1,4.163,1
0.388,2,27,1,4.114,1
11.834,1,52,1,4.244,1
8.421,1,41,1,2.965,1
1.289,2,92,1,4.906,1
1.458,2,30,1,1.675,0
8.133,1,89,1,2.432,1
0.674,2,52,1,1.367,0
11.597,1,35,1,0.682,2
0.92,2,76,1,0.58,2
1.348,2,10,2,3.505,1
0.032,2,84,1,0.368,2
3.603,2,6,2,4.241,1
7.193,1,38,1,1.479,0
11.66,1,24,0,3.902,1
9.999,1,35,1,2.167,1
7.333,1,17,2,3.342,1
13.709,1,81,1,1.882,1
10.632,1,71,1,1.27,0
4.478,2,91,1,1.47,0
0.395,2,23,0,4.404,1
10.316,1,40,1,2.922,1
3.116,2,50,1,0.306,2
3.363,2,84,1,3.172,1
0.259,2,96,1,0.24,2
7.823,1,79,1,3.665,1
0.752,2,4,2,1.748,0
10.029,1,44,1,0.394,2
2.727,2,45,1,4.528,1
11.59,1,63,1,2.954,1
1.075,2,78,1,3.387,1
2.167,2,36,1,2.473,1
8.757,1,53,1,3.347,1
11.218,1,85,1,0.92,2
8.496,1,82,1,2.322,1
0.636,2,23,0,2.35,1
9.965,1,77,1,3.786,1
4.32,2,100,1,4.857,1
6.044,0,85,1,4.439,1
2.768,2,71,1,2.44,1
11.716,1,50,1,4.761,1
0.388,2,64,1,3.41,1
0.766,2,68,1,3.034,1
2.685,2,63,1,1.636,0
1.745,2,47,1,3.165,1
1.206,2,21,0,2.46,1
13.215,1,85,1,1.992,1
5.105,2,2,2,0.466,2
10.917,1,75,1,3.695,1
1.388,2,11,2,3.245,1
4.202,2,67,1,1.136,2
12.103,1,41,1,3.927,1
1.091,2,76,1,2.22,1
13.623,1,58,1,1.69,0
10.824,1,59,1,0.561,2
10.034,1,7,2,0.4,2
11.652,1,1,2,3.373,1
5.206,2,14,2,4.795,1
7.525,1,96,1,4.539,1
5.895,2,26,0,4.139,1
6.339,0,73,1,2.112,1
1.856,2,35,1,3.897,1
4.89,2,22,0,0.558,2
13.497,1,63,1,2.326,1
7.23,1,91,1,2.044,1
13.774,1,62,1,0.643,2
0.445,2,21,0,3.601,1
11.787,1,84,1,3.624,1
8.741,1,45,1,4.848,1
9.2,1,1,2,0.805,2
5.318,2,95,1,0.63,2
11.083,1,13,2,1.7,0
6.447,0,1,2,2.591,1
13.285,1,14,2,4.994,1
1.869,2,1,2,1.712,0
10.988,1,14,2,4.305,1
2.216,2,86,1,2.901,1
8.552,1,62,1,1.552,0
4.853,2,47,1,3.544,1
7.898,1,6,2,3.116,1
1.251,2,80,1,1.213,0
6.983,0,45,1,4.775,1
6.382,0,96,1,2.224,1
2.876,2,91,1,2.752,1
8.093,1,32,1,1.477,0
6.761,0,47,1,3.819,1
3.486,2,35,1,3.145,1
13.873,1,90,1,1.796,0
5.121,2,58,1,0.006,2
4.188,2,77,1,1.584,0
6.368,0,39,1,0.2,2
5.338,2,100,1,3.746,1
1.777,2,29,1,0.566,2
11.069,1,73,1,3.774,1
3.509,2,59,1,4.099,1
2.299,2,100,1,0.975,2
0.886,2,57,1,0.721,2
10.041,1,0,2,4.665,1
13.934,1,65,1,1.186,2
5.185,2,51,1,4.592,1
9.67,1,25,0,0.675,2
2.858,2,21,0,3.664,1
0.447,2,27,1,3.608,1
8.383,1,16,2,4.413,1
11.521,1,19,0,3.293,1
11.489,1,11,2,3.025,1
3.688,2,1,2,2.763,1
10.661,1,7,2,2.798,1
12.537,1,31,1,4.324,1
7.544,1,78,1,4.067,1
6.029,0,95,1,1.353,0
3.142,2,55,1,0.468,2
2.09,2,0,2,4.304,1
7.252,1,1,2,4.809,1
12.331,1,9,2,2.603,1
13.954,1,79,1,0.286,2
8.874,1,9,2,2.884,1
3.506,2,14,2,1.255,0
9.038,1,48,1,3.235,1
0.314,2,5,2,4.34,1
9.312,1,96,1,4.89,1
0.123,2,8,2,3.196,1
11.206,1,90,1,2.28,1
8.765,1,1,2,3.244,1
12.653,1,100,1,4.917,1
0.812,2,21,0,2.418,1
4.762,2,30,1,0.322,2
5.693,2,63,1,4.544,1
10.901,1,67,1,3.01,1
9.875,1,36,1,1.462,0
5.603,2,93,1,2.313,1
12.907,1,26,0,2.109,1
5.589,2,11,2,1.591,0
8.911,1,7,2,3.023,1
13.541,1,32,1,0.793,2
2.499,2,9,2,2.246,1
7.566,1,25,0,4.383,1
9.278,1,100,1,4.498,1
8.712,1,30,1,1.738,0
8.054,1,55,1,3.244,1
10.471,1,28,1,0.745,2
8.768,1,72,1,3.732,1
13.046,1,14,2,3.494,1
6.213,0,65,1,0.216,2
9.329,1,8,2,0.736,2
2.454,2,71,1,2.061,1
7.484,1,11,2,4.57,1
11.442,1,2,2,2.534,1
13.754,1,74,1,1.822,1
10.351,1,67,1,3.66,1
8.781,1,15,2,0.934,2
8.295,1,29,1,4.76,1
3.935,2,32,1,0.62,2
8.138,1,63,1,3.247,1
9.983,1,79,1,4.297,1
12.24,1,64,1,1.792,0
1.185,2,94,1,0.211,2
7.602,1,4,2,3.074,1
12.326,1,33,1,4.242,1
2.703,2,31,1,1.417,0
8.915,1,96,1,0.362,2
5.516,2,34,1,0.633,2
4.318,2,83,1,1.73,0
4.137,2,2,2,3.669,1
11.929,1,47,1,4.351,1
8.105,1,80,1,0.105,2
1.246,2,48,1,3.497,1
8.498,1,94,1,0.082,2
3.623,2,67,1,2.008,1
7.301,1,87,1,0.096,2
6.821,0,35,1,3.944,1
10.704,1,94,1,3.258,1
6.677,0,34,1,1.768,0
5.641,2,98,1,0.841,2
10.18,1,36,1,0.126,2
13.15,1,12,2,4.542,1
4.684,2,43,1,3.568,1
5.731,2,78,1,2.93,1
5.906,2,59,1,3.633,1
12.084,1,100,1,4.808,1
7.849,1,93,1,1.317,0
6.182,0,73,1,0.459,2
8.655,1,95,1,4.787,1
2.321,2,68,1,3.214,1
9.04,1,11,2,2.034,1
8.586,1,38,1,1.265,0
7.817,1,20,0,4.777,1
12.791,1,43,1,0.193,2
1.788,2,4,2,3.615,1
8.483,1,86,1,3.272,1
11.253,1,31,1,3.57,1
10.406,1,16,2,0.888,2
7.284,1,7,2,4.281,1
12.334,1,63,1,4.028,1
1.719,2,38,1,0.927,2
7.133,1,4,2,4.58,1
13.132,1,76,1,4.046,1
13.998,1,91,1,3.475,1
3.133,2,0,2,1.286,0
6.326,0,57,1,0.604,2
5.925,2,89,1,0.52,2
9.703,1,13,2,0.11,2
10.608,1,35,1,4.867,1
4.039,2,15,2,3.95,1
13.164,1,8,2,3.549,1
11.804,1,81,1,4.515,1
2.735,2,53,1,2.712,1
7.747,1,76,1,3.409,1
11.304,1,85,1,2.412,1
1.484,2,92,1,4.776,1
0.875,2,15,2,0.594,2
2.57,2,67,1,3.515,1
3.896,2,44,1,2.807,1
2.023,2,55,1,1.672,0
11.557,1,42,1,0.686,2
10.067,1,60,1,3.699,1
11.25,1,61,1,3.222,1
8.956,1,64,1,1.158,2
9.494,1,77,1,4.078,1
5.075,2,45,1,2.098,1
6.608,0,60,1,4.67,1
1.846,2,5,2,2.724,1
1.408,2,1,2,2.061,1
12.843,1,27,1,3.61,1
10.805,1,6,2,1.758,0
10.006,1,96,1,0.106,2
8.707,1,47,1,2.603,1
3.58,2,98,1,2.607,1
1.778,2,86,1,3.356,1
10.129,1,67,1,1.958,1
13.504,1,0,2,1.037,2
5.345,2,62,1,0.845,2
6.022,0,19,0,1.484,0
13.691,1,10,2,0.342,2
10.146,1,77,1,3.382,1
0.636,2,4,2,0.178,2
0.507,2,22,0,2.629,1
6.022,0,90,1,2.723,1
3.745,2,26,0,1.199,2
1.859,2,36,1,0.372,2
7.434,1,62,1,2.807,1
12.494,1,43,1,3.203,1
6.884,0,7,2,3.778,1
13.253,1,45,1,4.668,1
11.659,1,74,1,1.686,0
6.283,0,7,2,3.451,1
4.276,2,13,2,2.666,1
5.066,2,14,2,1.519,0
12.642,1,16,2,2.599,1
9.737,1,23,0,2.63,1
3.59,2,70,1,3.098,1
10.736,1,57,1,0.26,2
5.183,2,24,0,4.94,1
8.285,1,70,1,3.287,1
0.604,2,68,1,2.036,1
13.617,1,83,1,4.055,1
10.275,1,23,0,0.686,2
6.542,0,57,1,3.922,1
0.581,2,45,1,2.808,1
4.976,2,64,1,3.374,1
5.302,2,73,1,0.108,2
3.444,2,79,1,2.279,1
2.436,2,31,1,4.064,1
1.231,2,81,1,3.796,1
9.875,1,6,2,3.926,1
4.862,2,97,1,4.548,1
13.258,1,98,1,0.704,2
1.161,2,20,0,4.925,1
1.351,2,60,1,1.025,2
1.073,2,40,1,4.933,1
2.477,2,62,1,2.889,1
10.001,1,88,1,1.096,2
6.857,0,94,1,2.908,1
11.29,1,94,1,0.219,2
